CLASSE;AG1;AG2;AG3;AG4;AG5;AG6;AG7;AG8;AA1;AA2;AA3;AA4;AA5;AA6;AA7;AF1;AF2;AF3;AL1;AL2;AL3;AL4;AL5;EA1;EA2;EA3;EA4;EA5;EA6;EA7
PQ;3;2;3;3;3;2;1;1;3;3;3;2;3;3;2;3;1;1;2;2;0;3;3;3;3;2;3;3;3;3
PQ;3;1;3;3;3;2;2;0;3;3;3;0;3;0;0;0;0;0;3;3;0;3;3;3;0;0;3;2;3;2
EA;3;2;3;2;3;3;3;3;2;2;3;3;3;3;3;3;3;3;3;3;3;3;3;3;3;3;3;2;3;3
EA;3;2;3;2;3;2;3;1;2;3;2;2;2;0;0;3;3;3;3;3;2;3;3;3;3;2;3;2;0;2
EA;3;3;2;3;3;3;2;3;3;2;3;0;3;3;0;3;3;2;3;3;3;3;3;3;3;3;2;2;3;3
EA;3;2;2;2;3;3;3;3;3;3;3;3;3;3;3;3;3;3;3;3;3;3;2;0;0;0;2;2;0;0
EA;3;3;3;3;3;3;3;3;3;2;3;3;3;3;3;3;3;3;3;3;3;3;3;3;0;0;3;3;0;0
EA;3;2;3;2;2;3;2;3;3;3;3;3;3;3;3;0;0;0;3;2;3;3;3;0;0;0;0;0;0;0
EA;3;3;3;3;3;3;3;3;3;3;3;3;3;3;3;3;3;3;3;3;3;3;3;3;3;3;3;3;3;0
EA;3;3;3;2;3;3;3;3;1;2;3;3;3;3;3;3;3;3;3;2;3;3;3;3;3;3;3;3;3;3
EA;3;3;3;3;3;3;3;3;3;3;3;3;3;3;3;3;3;3;3;3;2;3;3;3;3;3;3;3;3;3
EA;3;2;3;2;3;3;3;3;3;3;3;3;2;3;3;3;0;0;3;3;3;3;3;3;3;3;3;2;3;3
MM;3;3;3;1;3;3;1;3;3;0;3;3;0;0;0;3;1;0;3;3;1;3;3;0;0;0;0;0;0;0
EA;3;3;2;2;2;2;3;2;1;3;0;2;2;3;3;3;3;3;3;2;3;3;3;2;0;0;0;0;2;2
EA;3;3;3;3;3;3;3;3;3;3;3;3;3;3;3;3;3;3;3;3;3;3;3;3;3;2;3;3;3;3
EA;3;3;3;2;2;3;3;3;3;3;3;2;3;3;0;0;0;0;3;2;2;3;3;3;3;3;3;2;3;3
PQ;3;3;3;3;2;3;3;3;2;3;3;3;3;0;3;3;3;3;3;3;3;3;3;3;3;3;3;3;3;3
EA;3;2;2;3;3;3;3;3;1;3;3;3;3;3;3;3;3;3;3;3;2;3;2;3;3;3;3;3;3;3
EA;3;3;3;3;3;3;3;3;3;3;3;3;3;3;3;3;3;3;2;3;3;3;3;2;3;2;3;3;3;0
PQ;3;2;3;3;3;3;3;3;3;3;3;3;3;2;3;3;3;3;3;2;3;3;3;3;3;3;3;2;0;3
PQ;3;3;3;3;3;3;3;3;3;3;3;3;3;3;3;3;3;3;3;3;3;3;3;3;3;3;3;3;3;3
EA;3;3;3;3;2;3;3;3;3;3;3;3;3;3;3;3;3;3;3;3;3;3;3;0;3;3;3;3;0;3
EA;3;3;3;3;3;3;3;3;3;3;3;3;3;3;3;3;3;3;3;3;3;3;3;3;3;3;3;3;3;3
PQ;3;3;3;3;3;3;3;2;3;2;3;3;3;2;3;3;3;3;3;3;3;3;3;1;3;2;3;2;0;3
EA;3;3;2;3;2;3;3;3;3;3;2;3;3;3;3;3;3;3;3;3;3;3;2;3;3;3;3;3;3;2
EA;3;3;2;3;2;3;3;3;3;3;2;3;3;3;3;3;3;3;3;3;3;3;2;3;3;3;3;3;3;2
EA;3;3;3;3;3;3;3;3;2;3;3;3;3;3;3;3;3;3;3;0;3;3;3;3;3;3;3;3;0;0
TB1;3;0;3;2;2;3;2;3;3;2;3;3;3;3;0;3;3;3;2;3;2;3;3;3;3;3;2;2;3;0
TB1;3;3;3;3;3;3;3;3;2;3;3;3;3;2;3;3;3;3;2;3;2;3;3;2;2;2;2;3;3;3
TB1;3;2;3;3;3;3;3;2;3;3;3;3;3;3;3;1;3;1;1;1;1;2;3;1;2;2;2;2;2;3
TB1;3;3;3;3;3;3;3;2;2;3;3;3;3;3;3;3;3;3;2;1;0;3;3;3;3;3;2;2;2;2
TB1;3;3;3;3;2;2;2;2;3;3;2;3;3;3;3;3;3;3;2;2;3;3;3;2;2;2;2;2;2;3
TB1;3;3;3;3;3;2;3;3;3;3;3;3;3;3;3;3;3;3;3;3;2;3;3;3;3;3;2;3;3;2
TB1;3;3;3;3;3;3;3;3;3;2;3;3;3;3;3;3;3;3;3;3;3;3;3;3;3;3;2;3;3;0
TB1;3;3;2;3;3;3;3;3;3;2;2;3;3;3;3;3;3;3;3;3;3;3;2;3;3;3;3;3;3;3
TB1;3;3;3;3;3;3;3;3;3;3;3;3;3;3;3;3;3;3;3;3;3;3;3;3;3;3;3;3;2;3
TB1;3;3;3;3;3;3;3;3;3;3;3;3;3;3;3;3;3;3;3;2;3;3;3;3;3;3;3;3;3;3
TB1;3;3;3;2;3;3;3;3;3;3;3;3;3;3;3;3;3;3;3;3;2;3;3;3;3;3;3;3;3;3
TB1;3;3;3;3;2;3;3;3;3;3;3;3;3;3;3;3;3;3;3;3;3;3;3;3;3;3;3;3;3;3
TB1;2;3;3;2;3;3;2;3;2;2;2;3;3;3;3;3;3;3;2;3;2;3;3;2;3;0;3;2;0;0
TB1;2;3;3;2;2;3;3;2;2;0;1;3;3;1;2;3;3;0;2;3;1;2;3;3;3;3;3;3;3;3
AF;3;2;3;0;2;3;0;1;1;3;3;3;3;3;3;3;2;2;3;2;0;3;3;3;3;0;3;3;3;3
AF;3;3;3;2;2;3;2;2;2;2;2;2;3;2;2;3;3;3;3;2;3;3;3;3;3;3;3;3;3;3
AF;3;3;3;2;2;2;2;3;2;2;2;2;2;2;3;3;2;2;3;2;2;3;3;3;3;3;3;3;3;3
AF;2;3;3;3;3;2;3;3;3;3;3;2;2;0;0;2;2;2;2;2;0;3;3;3;2;2;3;2;1;2
AF;3;3;3;3;3;3;3;3;2;3;2;3;3;3;3;3;3;3;3;3;3;3;3;0;0;0;0;0;0;0
AF;3;3;3;3;3;3;3;3;3;2;2;3;3;3;3;3;3;3;3;3;3;3;3;2;2;3;3;2;2;2
AF;3;3;2;3;3;2;2;2;2;3;3;3;3;3;3;3;3;2;3;3;3;3;3;3;2;3;3;3;3;3
AF;3;3;2;3;2;3;3;3;2;3;2;3;3;3;3;3;3;2;3;2;2;3;3;3;3;3;3;3;3;3
AF;3;2;3;2;3;3;3;3;3;3;3;3;2;3;0;0;2;0;3;3;3;3;3;3;0;0;0;0;0;0
AF;3;3;3;3;0;3;0;3;3;3;3;3;3;3;0;0;3;2;2;2;2;3;3;3;3;3;3;3;3;2
AF;3;3;3;3;3;3;3;3;3;3;3;3;3;3;3;3;3;3;3;3;3;3;3;3;3;3;3;3;2;3
AF;2;2;3;3;3;3;3;3;3;3;3;3;3;3;3;2;2;2;3;2;0;3;3;0;0;0;0;0;0;0
RC;3;0;3;3;3;3;3;3;3;0;3;3;3;3;3;3;0;3;3;3;3;3;3;0;0;3;3;3;3;3
RC;3;3;3;3;3;3;3;3;3;3;3;3;3;3;3;3;3;3;3;3;3;3;3;3;3;3;3;3;3;3
RC;3;3;3;3;3;3;3;3;3;3;3;3;3;3;3;0;0;0;3;3;0;3;3;3;3;3;2;2;0;0
RC;3;3;3;3;3;3;3;3;3;3;3;3;3;3;2;0;3;3;3;3;0;3;3;3;3;3;3;3;3;3
RC;3;3;3;3;3;3;3;3;3;3;3;3;3;3;3;0;0;0;3;3;3;3;3;3;3;3;3;3;3;3
SC;3;3;3;3;3;3;3;3;3;3;2;3;3;3;3;0;0;0;3;3;3;3;3;3;3;3;3;3;3;0
SG;3;3;3;3;3;3;3;3;3;3;3;3;3;3;3;3;3;3;3;3;3;3;3;3;3;3;3;3;3;3
AL;2;2;2;2;3;3;2;3;2;2;3;2;3;0;0;3;1;1;3;2;0;3;3;3;3;3;3;2;3;0
EA;3;3;3;2;3;2;2;2;3;3;3;3;3;3;3;0;0;0;3;3;3;3;3;3;3;3;2;3;0;0
POL;2;3;3;2;2;2;3;3;3;3;3;3;3;3;3;3;3;3;2;2;3;3;3;2;3;2;2;3;3;3
POL;3;3;3;2;3;3;3;3;3;2;3;3;3;3;3;3;3;3;3;3;3;3;3;3;3;3;2;3;3;3
POL;3;3;3;2;2;3;3;3;3;3;3;3;3;3;3;3;3;3;3;3;3;3;3;3;3;3;3;3;3;3
POL;2;2;2;1;2;3;2;3;3;3;2;2;2;2;2;2;3;2;2;2;2;2;2;2;3;3;3;2;2;2
PAIS;2;3;3;2;2;3;3;3;3;2;3;3;2;3;3;3;3;3;3;2;3;3;3;3;3;3;3;2;3;2
POL;0;3;0;0;0;0;0;0;0;0;3;0;0;0;0;0;0;0;0;0;0;0;3;0;0;0;0;0;0;0
POL;3;3;2;2;3;3;2;3;0;0;0;0;0;0;0;2;3;2;3;3;2;2;3;2;3;3;3;3;3;3
POL;2;3;2;2;1;3;3;3;3;2;3;3;3;3;3;3;3;3;3;3;3;3;3;3;2;3;3;3;3;3
POL;3;2;2;2;3;2;3;3;3;2;3;3;3;3;3;2;3;3;3;3;3;3;3;2;3;2;2;3;3;1
POL;3;2;3;2;2;3;3;3;3;3;3;3;3;3;3;3;3;3;3;3;3;3;3;3;3;3;3;3;3;2
PAIS;0;0;0;1;0;1;1;0;0;0;0;0;0;0;0;0;0;2;0;0;0;0;3;0;0;0;0;0;0;0
POL;3;0;0;0;0;0;0;0;3;0;0;0;0;0;0;0;3;0;3;0;0;0;0;3;0;0;0;0;0;0
POL;3;2;3;2;3;3;3;3;3;2;2;3;3;3;3;0;0;0;3;2;2;3;3;2;2;1;2;3;3;3
POL;3;3;3;3;1;3;3;3;3;3;0;0;0;0;0;3;3;3;3;2;3;1;3;3;2;0;3;0;0;0
POL;3;3;3;3;3;3;3;3;3;3;3;3;3;3;3;3;3;3;3;3;3;3;3;3;3;3;3;3;3;3
EA;3;3;3;2;3;3;3;2;3;3;3;3;3;3;3;3;2;1;3;3;2;3;3;3;3;0;0;0;0;0
FLO1;3;3;3;3;3;3;3;3;3;3;3;3;3;3;3;3;3;3;3;3;3;3;3;3;3;3;3;3;3;3
FLO1;2;3;2;1;3;3;2;2;0;3;1;0;0;2;1;0;0;3;3;3;2;0;2;3;2;3;2;2;3;1
FLO1;3;3;3;0;3;3;1;3;3;3;3;3;3;3;3;3;3;3;3;3;3;3;3;3;3;0;3;3;3;3
FLO1;3;3;3;3;3;3;3;3;3;3;3;3;3;3;3;3;3;3;3;3;3;3;3;3;3;3;3;3;3;3
FLO1;3;2;3;3;3;3;3;3;3;3;3;3;3;3;3;0;0;0;3;3;3;3;3;3;3;3;3;3;3;3
FLO1;3;3;3;3;2;3;3;3;3;3;3;3;3;3;2;3;3;3;3;3;3;3;3;3;3;3;3;3;3;0
FLO1;3;3;3;3;3;3;3;3;3;3;3;3;3;3;3;3;3;3;3;3;3;3;3;3;3;3;3;3;3;3
FLO1;3;3;3;3;3;3;3;3;3;3;3;3;3;3;3;3;3;3;3;3;2;3;3;3;3;3;3;3;3;3
FLO1;3;3;3;2;2;3;2;3;3;3;3;3;3;3;3;3;3;3;3;3;3;3;3;3;2;2;3;3;3;3
FLO1;0;3;3;3;2;3;3;3;2;3;3;3;3;3;3;3;3;3;3;3;2;3;3;3;3;3;3;3;3;0
FLO1;3;3;3;3;3;3;3;3;3;3;3;3;3;3;3;3;3;3;3;3;3;3;3;3;3;3;3;3;3;3
FLO1;3;3;2;3;1;3;3;3;3;3;3;3;3;3;3;3;3;3;3;2;3;3;3;3;3;3;2;3;3;3
FLO1;3;3;3;3;2;3;3;3;3;3;3;3;3;3;3;3;3;3;3;3;3;3;3;3;3;3;3;3;3;3
FLO1;3;3;3;3;3;3;3;3;3;3;3;3;3;3;3;3;3;3;3;3;3;3;3;3;3;3;3;3;3;3
FLO1;3;3;3;3;3;3;0;3;3;3;3;3;3;3;3;3;3;3;3;3;0;3;3;3;3;2;3;3;2;0
FLO1;3;3;3;3;3;3;3;3;3;3;2;3;3;3;3;3;3;3;3;3;3;3;3;3;3;3;3;3;3;3
FLO1;3;3;2;3;3;2;2;3;2;2;3;3;3;0;0;3;3;3;3;3;3;3;3;3;2;3;3;3;2;0
FLO2;3;3;1;2;3;3;2;3;2;1;3;3;3;3;1;3;3;3;2;3;2;3;3;3;3;3;3;3;3;3
FLO2;3;2;2;3;2;3;3;3;3;3;2;3;3;3;3;3;3;3;3;3;3;3;3;3;3;3;3;3;3;3
FLO2;3;3;3;3;2;3;3;3;3;3;3;3;3;3;3;3;3;3;3;2;3;3;3;3;3;3;3;3;3;3
FLO2;3;3;3;3;2;3;3;3;3;3;3;3;3;0;0;3;3;3;3;3;3;3;3;3;3;3;3;3;3;3
FLO2;2;3;2;2;1;2;3;3;3;2;3;2;0;3;0;2;2;3;2;2;3;3;2;3;3;3;1;3;3;3
FLO2;3;2;3;3;1;3;3;3;3;3;3;3;3;3;3;3;3;3;3;3;3;3;3;3;3;3;2;3;3;3
FLO2;3;2;2;2;1;3;2;3;3;2;2;3;3;2;3;3;3;3;3;3;2;3;3;3;3;3;3;3;3;3
FLO2;3;3;3;3;3;3;3;3;3;3;3;3;3;3;3;3;3;3;3;3;2;3;3;3;3;3;3;3;3;0
FLO2;3;2;3;2;1;3;2;3;3;3;3;3;2;3;3;3;3;3;3;3;3;3;3;3;3;3;3;2;3;2
FLO2;3;3;3;3;3;3;3;3;3;3;3;3;3;3;3;3;3;3;3;3;3;3;3;3;3;3;3;3;3;3
FLO2;3;3;3;2;3;3;3;2;3;3;3;3;3;3;3;3;3;3;3;3;3;3;3;3;3;3;1;1;2;3
FLO2;3;3;3;2;3;3;3;3;3;3;3;3;3;3;3;0;0;0;2;3;3;3;3;3;3;3;3;3;3;3
FLO2;3;3;3;3;2;3;3;3;3;3;3;3;3;3;3;3;3;3;3;3;3;3;3;3;3;3;2;3;3;0
FLO2;3;2;2;2;3;3;3;3;3;2;2;3;3;3;3;3;2;3;2;3;3;3;3;3;3;3;2;2;3;2
FLO2;3;3;3;3;2;3;3;3;3;3;3;3;3;2;0;0;0;0;3;3;3;3;3;3;3;3;3;3;3;0
FLO2;3;3;3;3;2;3;3;3;3;3;3;3;3;2;3;3;3;3;2;2;3;3;3;3;3;3;3;3;3;3
FLO2;3;3;3;3;2;3;3;3;3;3;2;3;3;3;3;3;3;3;3;3;3;3;3;3;3;3;3;3;3;3
FLO2;3;3;3;3;3;2;3;3;3;3;3;3;3;3;3;3;3;3;3;2;2;3;3;3;3;3;2;2;3;3
FLO2;3;2;3;3;2;3;3;3;3;3;3;3;3;3;3;3;3;3;3;3;3;3;3;3;3;3;3;3;3;3
FLO2;3;3;3;2;3;3;3;3;3;3;3;3;3;3;3;3;3;3;3;3;2;3;3;3;3;3;3;3;3;0
FLO2;3;3;3;2;3;2;3;3;0;2;3;3;3;2;3;3;3;3;3;3;3;3;3;3;3;2;2;3;3;3
COL1;3;3;3;2;2;3;2;3;3;3;3;3;3;3;3;3;3;3;3;2;3;3;0;3;3;3;3;3;3;3
COL1;3;3;3;3;3;3;3;3;3;3;3;3;3;3;3;3;3;3;2;2;2;3;3;3;3;2;3;2;3;3
COL1;3;3;3;3;3;3;3;3;3;3;3;3;3;2;0;3;3;3;3;3;3;3;3;3;3;3;3;3;3;0
COL1;3;3;3;3;3;3;3;3;3;3;3;3;3;3;3;3;3;3;2;2;3;3;3;2;3;2;3;2;3;0
COL1;3;3;2;2;2;3;3;3;3;3;3;3;3;3;3;3;3;3;2;3;3;3;3;3;3;3;3;3;3;0
COL1;3;2;3;2;3;3;3;3;3;2;2;3;3;2;3;3;3;3;3;3;3;3;3;3;3;2;3;3;3;2
COL1;3;2;2;2;3;3;3;2;3;2;1;3;3;3;3;3;3;3;3;3;3;3;3;3;3;3;3;3;3;0
COL1;3;3;3;3;3;3;3;3;3;3;3;3;3;3;3;3;3;3;3;3;3;3;3;3;3;3;3;3;3;3
COL1;3;2;3;3;3;3;3;3;3;3;3;3;3;3;3;3;3;3;3;3;3;3;3;3;3;3;3;3;3;3
COL1;3;3;3;3;3;3;3;3;3;3;3;3;3;3;3;3;3;3;3;2;0;3;3;3;3;3;2;2;3;0
COL1;3;3;2;2;3;3;3;3;2;3;3;2;3;2;3;3;3;3;3;3;2;2;2;3;3;3;3;2;3;0
COL1;3;2;3;3;3;3;3;3;3;2;3;3;3;3;3;3;3;3;3;1;3;3;3;3;3;3;3;3;3;0
COL1;3;3;3;3;3;2;3;2;3;3;0;0;3;0;0;3;3;3;2;2;0;3;3;3;3;3;3;3;3;0
COL1;3;2;3;3;3;3;3;3;3;3;3;3;3;0;0;3;3;3;2;1;3;3;3;3;3;3;3;3;3;0
COL1;0;3;2;2;2;3;3;2;3;2;3;3;3;3;0;3;0;0;2;3;3;3;3;3;3;0;3;3;3;0
COL2;3;3;3;3;3;3;3;3;3;3;3;3;3;3;3;3;3;3;2;3;3;3;3;3;3;2;3;2;3;3
COL2;0;3;3;3;3;3;3;3;3;3;3;3;3;3;3;3;3;3;3;3;3;3;3;3;3;0;0;0;0;0
COL2;3;3;3;2;2;3;3;3;3;3;3;3;3;3;3;3;3;3;3;3;3;3;3;3;3;3;3;3;3;0
COL2;3;3;3;3;3;3;3;3;2;3;1;3;3;3;3;3;2;2;2;2;2;3;3;3;3;3;3;3;3;3
COL2;2;2;3;2;2;2;3;3;3;3;3;3;3;3;3;3;3;3;3;3;3;3;3;3;3;2;2;2;3;3
COL2;3;3;3;2;2;2;3;3;3;2;1;2;3;2;2;3;3;3;3;3;0;3;3;3;3;3;2;3;3;2
COL2;3;3;3;2;3;3;3;3;3;3;3;3;3;2;3;3;3;3;3;3;3;3;3;2;3;3;2;2;3;3
COL2;3;3;3;3;3;3;3;3;3;3;3;3;3;3;3;3;3;3;3;3;3;3;3;3;3;3;3;3;3;3
COL2;3;3;3;3;3;3;3;3;3;3;3;0;3;3;3;3;3;3;2;3;2;3;3;3;3;3;3;3;3;3
COL2;3;3;3;3;3;3;3;3;3;3;3;3;3;3;3;3;3;3;3;3;3;3;3;3;3;3;3;3;3;3
COL2;3;3;2;2;2;3;3;3;3;3;3;3;3;3;3;3;3;3;2;2;3;3;3;3;3;3;3;3;3;3
COL2;3;3;3;3;3;2;3;2;3;3;3;3;3;3;3;3;3;3;2;2;3;3;3;3;3;2;3;3;3;3
COL2;3;3;3;2;2;3;3;3;2;3;3;3;2;3;3;3;3;3;2;3;3;3;3;2;3;2;3;3;3;3
COL3;3;3;2;2;3;3;3;3;3;3;3;3;3;3;3;3;3;3;3;3;3;3;3;3;3;3;3;3;3;0
COL3;3;2;3;2;2;3;3;3;3;3;3;3;3;3;3;3;3;3;2;2;3;3;3;3;3;2;3;3;2;3
COL3;3;3;3;2;3;3;3;3;3;3;3;3;3;3;3;3;0;0;3;3;0;3;3;3;3;3;3;3;3;0
COL3;3;3;3;3;3;3;3;3;3;3;3;3;3;3;3;3;3;3;3;3;3;3;3;3;3;3;3;3;3;3
COL3;3;3;3;3;3;3;3;3;3;3;3;3;3;3;3;3;3;3;3;3;3;3;3;3;3;3;3;3;3;3
COL3;3;3;3;3;3;3;3;3;3;3;3;3;3;3;3;3;3;3;3;3;3;3;3;3;3;3;3;3;3;3
COL3;3;3;3;3;2;3;3;2;3;3;3;3;3;3;3;0;0;0;3;3;3;3;3;3;3;3;3;3;3;3
COL3;3;3;3;3;3;2;2;3;3;2;3;3;3;3;3;0;0;0;3;1;2;3;3;3;3;3;3;3;2;3
COL3;3;3;3;3;3;3;3;3;3;3;3;3;3;3;3;3;3;3;3;3;3;3;3;3;3;3;3;3;3;3
COL3;3;3;3;3;3;3;3;3;3;3;3;0;3;0;3;3;0;3;3;3;3;3;3;3;3;3;3;3;3;0
MM;3;3;2;3;3;3;3;3;3;3;3;3;2;2;3;0;0;0;3;3;3;3;3;3;3;3;3;3;3;3
AL;3;3;3;3;3;3;3;3;3;3;3;3;2;3;3;2;3;3;3;3;3;3;3;3;3;3;3;3;3;3
SG;3;2;2;3;3;3;3;3;2;3;1;2;3;2;0;3;2;2;3;3;2;3;3;3;3;2;3;2;2;3
SG;3;2;3;3;3;3;3;3;3;3;3;3;3;3;2;3;3;3;3;2;3;3;3;3;3;3;3;3;3;3
SG;3;3;2;3;3;3;3;3;3;3;3;3;3;3;3;3;3;3;3;3;3;3;2;3;3;3;3;3;0;0
SG;3;3;3;3;3;3;3;3;3;3;3;3;3;3;3;3;3;3;3;3;3;3;3;3;3;0;3;0;3;0
SG;3;3;3;3;3;3;3;3;3;3;3;3;3;3;3;3;3;3;3;3;3;3;3;3;3;3;3;3;3;3
SG;3;2;3;3;3;3;3;3;3;3;3;3;3;3;3;0;0;0;3;3;0;3;0;3;3;3;3;3;0;0
SG;2;2;3;3;3;3;3;3;3;3;3;3;3;3;3;3;3;3;3;3;3;3;3;3;3;3;3;3;0;1
SG;3;2;3;2;3;3;3;2;3;3;2;2;2;3;3;3;2;1;3;3;3;3;3;3;3;2;3;3;3;1
SC;3;3;3;3;3;3;3;3;3;3;3;3;3;3;3;3;3;3;3;3;3;3;3;3;3;3;3;3;3;3
MM;3;3;3;3;3;2;3;2;2;3;2;3;3;3;3;0;0;0;2;2;3;3;3;0;0;0;0;0;0;0
MM;3;3;3;3;3;3;3;3;3;3;3;3;3;2;3;3;3;3;3;3;3;3;3;2;3;2;3;3;2;2
SG;3;3;3;3;3;3;3;3;3;3;2;3;3;3;3;3;3;3;3;2;2;3;3;3;3;3;3;3;3;3
SG;3;3;3;3;3;3;3;3;2;3;3;3;3;3;3;3;3;3;2;2;3;3;3;3;3;3;3;3;3;3
SEM;2;3;3;2;2;3;3;3;3;3;3;3;3;2;3;3;3;3;3;3;3;2;3;3;3;3;3;3;3;2
SEM;3;2;2;2;3;3;3;3;3;2;3;3;3;3;3;3;3;3;3;3;2;3;3;3;3;2;3;2;3;2
SEM;3;3;3;2;1;3;3;3;3;2;3;3;3;3;3;3;3;3;3;3;3;3;3;3;3;3;3;3;3;2
SEM;3;3;3;3;3;2;3;3;3;3;3;3;3;3;3;3;3;3;3;2;2;3;3;1;3;2;3;3;3;2
SEM;3;3;3;3;2;3;3;3;3;3;3;3;3;2;3;3;3;3;3;3;3;3;3;2;3;2;3;3;2;3
SEM;3;2;3;3;3;2;3;3;3;3;3;3;3;3;3;3;3;3;3;3;1;3;3;1;2;2;3;3;0;3
SEM;3;3;3;2;3;3;2;3;3;3;3;2;3;2;3;3;3;3;3;3;3;2;3;2;3;2;3;3;3;3
SEM;3;3;3;3;3;3;3;3;0;3;3;0;0;0;0;3;3;3;3;0;3;3;3;0;0;0;3;0;3;0
SEM;3;3;3;2;1;3;3;3;3;3;3;2;2;3;2;0;0;0;3;3;3;3;2;3;3;3;2;0;3;3
SEM;2;2;3;3;3;2;3;2;3;3;1;3;3;3;3;3;3;3;3;3;3;3;3;3;3;3;3;3;3;3
SEM;2;3;3;2;2;3;3;3;2;2;3;3;3;2;3;2;3;3;2;2;1;2;2;3;3;3;2;2;2;0
SEM;0;2;3;2;3;3;2;3;1;3;3;2;3;0;0;3;3;3;3;0;3;2;3;3;2;3;3;2;3;3
SEM;3;2;3;3;1;3;3;3;3;3;3;3;3;3;3;3;3;3;3;3;3;3;3;3;3;3;3;3;3;3
SEM;3;2;3;2;1;3;3;3;1;2;3;2;2;2;3;1;1;1;2;2;3;2;3;3;3;3;3;3;3;3
SEM;2;3;2;2;2;3;3;3;3;2;2;3;2;3;3;3;3;3;3;3;3;3;3;3;3;3;3;3;3;3
SEM;3;3;2;3;3;3;3;3;3;3;3;3;3;3;2;3;3;3;2;2;2;2;3;2;2;2;3;3;2;2
SEM;3;3;3;3;3;2;3;3;3;3;3;3;3;2;3;3;3;3;3;3;3;3;3;3;3;2;3;3;3;3
SEM;3;3;3;3;3;2;2;3;3;3;3;3;3;2;3;3;3;3;3;3;1;3;2;2;2;3;3;3;3;3
SEM;3;2;3;3;2;2;1;2;1;3;3;2;0;2;3;3;3;2;3;3;2;3;2;2;2;2;3;2;3;3
SEM;3;3;2;2;3;2;2;3;3;2;2;3;3;3;3;3;3;2;3;3;3;3;3;3;3;3;3;3;3;3
SEM;3;3;3;2;3;2;3;3;2;3;2;2;2;2;2;3;3;3;3;3;3;3;3;3;3;3;1;3;3;2
AL;3;3;3;3;3;3;3;3;3;3;3;3;3;3;3;0;0;0;3;3;3;3;3;3;3;3;3;3;3;3
CZ;3;3;3;3;3;3;3;3;3;3;3;3;3;3;3;3;3;3;3;3;3;3;3;0;0;0;3;0;0;0
AL;2;3;3;3;3;3;3;2;3;3;3;3;3;3;3;3;3;3;3;3;3;3;3;3;3;3;2;2;2;3
DV;3;3;3;3;3;3;3;3;3;3;3;3;3;3;3;3;3;3;3;3;3;3;3;3;3;3;3;3;3;3
DV;3;3;3;3;3;3;3;3;3;3;3;3;3;3;3;3;3;3;2;2;3;3;3;3;3;3;3;3;3;3
AL;3;3;3;2;2;3;3;3;3;3;3;3;3;3;3;3;3;3;3;3;3;3;3;3;3;3;3;2;3;3
DV;3;3;3;3;3;3;3;3;2;3;3;3;3;3;3;3;3;3;3;3;3;3;3;3;3;3;3;3;3;3
SC;3;3;3;3;3;3;3;3;2;3;3;3;3;3;3;3;3;3;2;2;3;3;3;3;3;3;3;3;3;3
CZ;3;3;3;3;3;3;3;3;3;3;3;3;3;3;3;3;3;3;3;3;3;3;3;3;3;3;3;3;3;3
DV;3;3;3;3;3;3;3;3;3;3;3;3;3;3;3;3;3;3;3;3;3;3;3;3;3;3;3;3;3;0
PC;2;3;3;3;3;2;3;2;3;3;2;3;3;3;3;3;3;3;3;3;3;3;3;3;3;3;3;3;3;2
TB2;3;2;2;3;2;2;2;2;3;1;2;3;3;2;3;3;3;3;3;3;2;3;3;3;2;3;3;2;3;3
TB2;2;2;3;3;3;2;3;3;2;3;3;3;2;3;3;3;3;3;3;3;2;3;3;3;3;2;2;2;3;3
TB2;3;2;2;1;1;3;2;3;3;0;0;0;0;0;0;0;0;0;3;3;2;0;3;2;3;0;3;0;2;0
TB2;3;3;3;3;3;3;3;3;3;3;3;3;3;3;3;3;0;0;3;3;3;3;3;3;3;3;3;3;3;3
TB2;3;2;3;3;3;3;3;3;3;3;3;3;3;2;3;3;3;3;3;2;3;3;3;3;3;3;3;2;3;3
TB2;3;3;3;3;3;3;3;3;2;3;3;3;3;3;3;3;3;3;0;1;2;0;0;0;3;3;3;3;3;3
TB2;3;3;3;3;3;3;3;3;3;3;3;3;3;3;3;3;3;3;3;3;3;3;3;3;3;3;3;3;2;3
TB2;3;3;3;2;2;3;3;3;3;3;3;3;3;3;3;3;3;3;3;3;3;3;3;3;3;3;3;3;3;3
TB2;3;3;3;2;2;2;1;3;3;2;3;3;3;3;3;3;3;3;3;3;3;3;3;3;3;3;3;3;3;3
TB2;3;3;3;3;3;3;3;3;3;2;3;3;3;3;3;3;3;3;3;3;3;3;3;3;3;3;3;3;3;3
EA;3;3;3;3;3;3;3;2;2;3;3;2;2;0;3;3;2;3;3;3;3;3;3;3;3;3;3;3;3;3
CZ;3;3;3;2;0;3;3;3;3;3;3;3;3;3;3;3;3;3;3;3;3;3;3;0;0;0;0;0;0;0
CZ;3;2;3;2;3;3;3;3;2;2;2;2;2;2;2;3;3;3;3;3;3;3;3;1;1;1;3;3;1;1
CZ;3;3;3;2;3;3;3;3;3;3;3;3;3;3;3;3;3;3;3;3;3;3;3;3;3;3;3;3;3;3
CZ;3;3;3;3;3;3;3;3;2;3;3;3;3;3;3;3;2;3;3;3;3;3;3;2;2;3;3;3;3;3
